overall,avg_sentiment_score
1.0,0.2222222222222222
5.0,0.9251336898395722
4.0,0.8269230769230769
"Realtor\"\"\"",0.0
2.0,0.2
"MD\"\"\"",0.0
3.0,0.6206896551724138
